Unnamed: 0,CustomerID,Age,TypeofContact,CityTier,DurationOfPitch,Occupation,Gender,NumberOfPersonVisiting,NumberOfFollowups,ProductPitched,PreferredPropertyStar,MaritalStatus,NumberOfTrips,Passport,PitchSatisfactionScore,OwnCar,NumberOfChildrenVisiting,Designation,MonthlyIncome
1214,201214,44,1,1,8,2,0,3,1,3,3,1,2,1,4,1,0,3,22879
3829,203829,35,1,3,20,3,1,3,4,3,3,1,3,0,1,1,2,3,27306
2622,202622,47,1,3,7,3,0,4,4,3,5,1,3,0,2,1,2,3,29131
1543,201543,32,1,1,6,2,1,3,3,1,4,1,2,0,3,1,0,2,21220
3144,203144,59,1,1,9,1,1,3,4,0,3,2,6,0,2,1,2,1,21157
907,200907,44,1,3,11,3,1,2,3,2,4,0,1,0,5,1,1,4,33213
1426,201426,32,1,1,35,2,0,2,4,0,4,2,2,0,3,1,0,1,17837
4269,204269,27,1,3,7,2,1,3,4,1,3,1,3,0,5,0,2,2,23974
261,200261,38,0,3,8,2,1,2,4,1,3,0,4,0,5,1,1,2,20249
4223,204223,32,1,1,12,1,1,3,4,0,3,1,2,1,4,1,1,1,23499
243,200243,40,1,1,30,1,1,3,3,1,3,1,2,0,3,1,1,2,18319
3533,203533,38,1,1,20,3,1,3,4,1,3,1,3,0,1,0,1,2,22963
228,200228,35,0,3,6,3,0,3,3,3,3,3,2,0,5,1,0,3,23789
1110,201110,35,1,1,8,2,0,3,3,0,5,1,2,1,1,1,1,1,17074
4350,204350,34,1,1,17,3,1,3,6,0,3,1,2,0,5,0,1,1,22086
3870,203870,33,1,1,36,2,0,3,5,0,4,3,3,0,3,1,1,1,21515
87,200087,51,1,1,15,2,1,3,3,0,3,0,4,0,3,1,0,1,17075
1365,201365,29,0,3,30,1,1,2,1,0,5,2,2,0,3,1,1,1,16091
378,200378,34,0,3,25,3,1,3,2,1,3,2,1,1,2,1,2,2,20304
2522,202522,38,1,1,14,3,1,2,4,3,3,2,6,0,2,0,1,3,32342
209,200209,46,1,1,6,3,1,3,3,3,5,1,1,0,2,0,0,3,24396
510,200510,54,1,2,25,3,1,2,3,3,4,0,3,0,3,1,0,3,25725
2022,202022,56,1,1,15,3,1,2,3,4,3,1,1,0,4,0,0,0,26103
385,200385,30,0,1,10,1,1,2,3,0,3,2,19,1,4,1,1,1,17285
1386,201386,26,1,1,6,3,1,3,3,0,5,2,1,0,5,1,2,1,17867
2060,202060,33,1,1,13,3,1,2,3,3,3,1,1,0,4,1,0,3,26691
1946,201946,24,1,1,23,2,1,3,4,0,4,1,2,0,3,1,1,1,17127
3768,203768,30,1,1,36,2,1,4,6,1,3,1,2,0,5,1,3,2,25062
1253,201253,33,0,3,8,3,0,3,3,1,4,2,1,0,1,0,0,2,20147
2230,202230,53,0,3,8,3,0,2,4,3,4,1,3,0,1,1,0,3,22525
3514,203514,29,0,3,14,2,1,3,4,1,5,3,2,0,3,1,2,2,23576
1372,201372,39,1,1,15,3,1,2,3,1,5,1,2,0,4,1,0,2,20151
4366,204366,46,1,3,9,2,1,4,4,1,4,1,2,0,5,1,3,2,23483
2466,202466,35,1,1,14,2,0,3,4,3,4,2,2,0,3,1,1,3,30672
4073,204073,35,0,3,9,3,0,4,4,0,3,1,8,0,5,0,1,1,20909
4596,204596,33,0,1,7,2,0,4,5,0,4,1,8,0,3,0,3,1,21010
2373,202373,29,0,1,16,2,0,2,4,0,3,3,2,0,4,1,0,1,21623
1916,201916,41,0,3,16,2,1,2,3,1,3,2,1,0,1,0,1,2,21230
3268,203268,43,1,1,36,3,1,3,6,1,3,3,6,0,3,1,1,2,22950
4329,204329,35,0,3,13,3,0,3,6,0,3,1,2,0,4,0,2,1,21029
1685,201685,41,1,3,12,2,0,3,3,3,3,2,4,1,1,0,0,3,28591
694,200694,33,1,1,6,2,0,2,4,1,3,3,1,0,4,0,0,2,21949
837,200837,40,0,1,15,3,0,2,3,3,3,3,1,0,4,0,0,3,28499
1852,201852,26,0,1,9,1,1,3,3,0,5,2,1,0,3,0,1,1,18102
1712,201712,41,1,1,25,2,1,2,3,1,5,1,3,0,1,0,0,2,18072
222,200222,37,0,1,17,2,1,2,3,3,3,1,2,1,3,0,1,3,27185
2145,202145,31,1,3,13,2,1,2,4,0,3,1,4,0,4,1,1,1,17329
4867,204867,45,1,3,8,2,1,3,6,1,4,2,8,0,3,0,2,2,21040
514,200514,33,0,1,9,2,1,3,3,0,5,2,2,1,5,1,2,1,18348
2795,202795,33,1,1,9,3,0,4,4,0,4,0,3,0,4,0,1,1,21048
1074,201074,33,1,1,14,2,1,3,3,1,3,3,3,1,3,0,2,2,21388
402,200402,30,1,3,18,1,0,2,3,1,3,3,1,0,2,1,0,2,21577
547,200547,42,0,1,25,3,1,2,2,0,3,1,7,1,3,1,1,1,17759
1899,201899,46,1,1,8,2,1,2,3,4,3,1,7,0,5,1,0,0,32861
4656,204656,51,1,1,16,2,1,4,4,0,3,1,6,0,5,1,3,1,21058
1880,201880,30,1,1,8,2,0,2,5,1,3,2,3,0,1,1,0,2,21091
2742,202742,37,0,1,25,2,1,3,3,0,3,0,6,0,5,0,1,1,22366
1323,201323,28,0,2,6,2,1,2,3,0,3,1,2,0,4,0,1,1,17706
1357,201357,42,1,1,12,3,1,2,3,3,5,1,1,0,3,1,0,3,28348
617,200617,44,1,1,10,3,1,2,3,1,4,2,1,0,2,1,0,2,20933
3637,203637,39,0,1,9,3,0,3,5,0,4,2,3,0,1,1,1,1,21118
253,200253,42,1,1,23,2,0,2,2,1,5,3,4,1,2,0,0,2,21545
2223,202223,39,0,1,28,3,0,2,3,3,5,3,2,1,5,1,1,3,25880
944,200944,28,0,1,6,2,0,2,5,1,3,0,1,0,3,1,0,2,21674
2079,202079,43,1,1,20,2,1,3,3,4,5,1,7,0,5,1,1,0,32159
3372,203372,45,1,1,22,3,0,4,4,3,3,0,3,0,3,0,2,3,26656
4382,204382,53,1,1,13,1,1,4,4,1,5,1,5,1,4,1,2,2,24255
4062,204062,42,1,1,16,2,1,4,4,0,5,1,4,0,1,0,1,1,20916
9,200009,36,1,1,33,3,1,3,3,1,3,0,7,0,3,1,0,2,20237
3259,203259,22,1,1,7,1,0,4,5,0,4,2,3,1,5,0,3,1,20748
2664,202664,37,1,1,12,2,1,4,4,1,4,3,2,0,2,0,3,2,24592
3501,203501,30,0,3,20,1,0,3,4,1,4,3,7,0,3,0,2,2,24443
3967,203967,36,0,1,18,3,1,4,5,3,5,1,4,1,5,1,3,3,28562
186,200186,40,1,1,10,3,0,2,3,2,3,0,2,0,5,0,1,4,34033
136,200136,51,0,1,14,2,1,2,5,3,3,3,3,0,2,0,1,3,25650
3835,203835,39,1,3,7,2,1,3,5,0,5,3,6,0,3,0,2,1,21536
390,200390,43,1,1,18,2,1,2,4,4,4,1,2,0,3,0,1,0,29336
40,200040,35,1,1,10,2,1,3,3,0,3,1,2,0,4,0,0,1,16951
2695,202695,40,0,1,9,1,0,4,4,3,3,2,2,0,2,1,2,3,29616
3753,203753,27,1,3,17,3,1,3,4,1,3,3,3,0,1,0,1,2,23362
762,200762,26,0,1,8,2,1,2,3,0,5,0,7,1,5,1,0,1,17042
119,200119,43,0,3,32,2,1,3,3,4,3,0,2,1,2,0,0,0,31959
3339,203339,32,1,1,18,3,1,4,4,1,5,0,3,1,2,0,3,2,25511
2560,202560,35,1,1,12,3,0,3,5,3,5,2,4,0,2,0,1,3,30309
4135,204135,34,1,1,11,3,0,3,5,0,4,1,8,0,4,0,2,1,21300
1016,201016,31,1,1,14,2,0,2,4,0,4,2,2,0,4,0,1,1,16261
4748,204748,35,1,3,16,2,0,4,4,1,3,1,3,0,1,0,1,2,24392
4865,204865,42,0,3,16,2,1,3,6,4,3,1,2,0,5,1,2,0,24829
2030,202030,34,1,1,14,2,0,2,3,1,5,1,4,0,5,1,1,2,20121
2680,202680,34,1,1,9,2,0,3,4,0,5,0,2,0,3,1,1,1,21385
22,200022,34,1,1,13,2,0,2,3,3,4,3,1,0,3,1,0,3,26994
2643,202643,39,1,1,36,1,1,3,4,1,3,0,5,0,2,0,2,2,24939
3965,203965,29,1,1,12,1,1,3,4,0,3,3,3,1,1,0,1,1,22119
1288,201288,35,0,1,8,3,1,2,3,1,3,1,3,0,3,0,1,2,20762
293,200293,26,1,3,10,3,1,2,4,1,3,2,2,1,2,1,1,2,20828
2562,202562,37,1,1,10,2,0,3,4,0,3,1,7,0,2,1,1,1,21513
3734,203734,35,0,1,16,2,1,4,4,1,5,1,6,0,3,0,2,2,24024
4727,204727,40,0,1,9,2,1,3,4,4,3,1,2,0,3,1,1,0,30847
363,200363,33,1,3,11,3,0,2,3,0,3,2,2,1,2,1,0,1,17851
642,200642,38,1,3,15,3,1,3,4,0,4,0,1,0,4,0,0,1,17899
4794,204794,33,0,1,20,2,0,4,5,0,4,1,3,0,5,1,1,1,21421
589,200589,29,1,1,6,2,0,2,4,0,5,0,2,1,2,0,0,1,17319
4504,204504,34,1,1,14,3,1,3,4,3,3,1,2,0,4,1,1,3,30369
3314,203314,36,1,3,24,2,1,4,4,1,5,0,5,1,3,1,2,2,27644
86,200086,23,1,3,8,1,1,3,3,0,5,1,4,0,3,1,1,1,17322
2855,202855,61,1,1,14,2,0,3,4,2,5,0,7,0,5,0,1,4,38244
2384,202384,55,0,3,8,2,0,2,4,0,3,2,1,0,5,0,0,1,28577
2871,202871,61,0,3,35,3,0,4,5,3,5,0,6,0,2,1,1,3,28944
4245,204245,28,0,3,7,3,1,4,4,1,4,1,2,1,1,0,2,2,25027
1536,201536,36,0,1,17,2,1,3,4,1,4,3,2,0,4,1,1,2,21499
2902,202902,41,0,3,35,2,1,3,6,3,5,1,5,0,5,1,1,3,29610
2766,202766,33,1,1,9,3,0,4,3,1,3,3,2,0,3,1,3,2,23733
1455,201455,40,1,1,8,2,1,2,4,0,3,2,3,0,5,0,1,1,17809
2863,202863,31,0,1,10,2,1,3,4,0,3,0,6,0,3,0,2,1,20775
4595,204595,39,1,1,7,1,0,4,4,3,5,1,3,0,4,1,2,3,32260
2250,202250,28,0,1,30,1,1,3,4,3,5,3,2,0,1,1,1,3,23722
3516,203516,30,0,1,9,2,0,4,4,0,4,0,2,0,5,0,3,1,21858
627,200627,52,0,1,31,3,0,2,4,4,3,0,4,0,5,0,1,0,28826
2814,202814,22,1,3,19,2,0,3,3,0,4,3,3,0,5,0,2,1,21394
1809,201809,27,1,3,14,3,0,2,3,1,4,1,2,0,1,0,1,2,21214
4771,204771,45,1,1,17,2,1,4,4,0,3,3,3,1,3,1,1,1,21614
2412,202412,36,1,3,16,3,1,2,4,3,5,1,1,0,5,0,0,3,22094
333,200333,43,1,1,13,2,0,2,3,3,5,0,1,0,5,1,0,3,24985
927,200927,36,1,1,8,2,0,2,3,1,4,2,1,1,3,1,0,2,20410
187,200187,55,1,1,20,3,1,3,2,2,4,2,1,0,2,0,2,4,33722
1354,201354,56,1,1,30,2,1,3,3,0,3,2,2,0,3,0,0,1,17587
281,200281,42,1,3,6,2,1,2,3,1,3,0,2,0,3,1,0,2,19907
2053,202053,34,1,3,14,2,0,3,3,1,5,1,6,0,1,1,2,2,21500
1557,201557,51,1,1,15,2,1,3,3,0,3,1,4,0,3,1,0,1,17075
2581,202581,40,1,3,11,2,0,3,5,1,3,0,6,0,5,1,1,2,24580
3014,203014,53,0,1,26,3,1,3,4,0,3,0,2,0,3,1,1,1,22936
2573,202573,50,1,1,27,3,0,4,4,1,5,0,3,0,2,1,3,2,25245
540,200540,28,1,1,6,2,0,3,5,0,4,2,1,1,2,1,0,1,17216
3072,203072,38,1,3,23,3,1,4,5,1,3,1,6,0,5,1,3,2,25012
1599,201599,49,1,1,26,3,0,3,3,1,5,1,2,0,1,1,0,2,21567
3449,203449,30,1,2,24,2,1,3,5,3,5,3,3,0,3,0,1,3,26666
16,200016,32,1,1,11,2,1,3,2,0,4,1,1,1,2,1,0,1,18298
3025,203025,31,1,1,7,2,1,3,6,0,3,0,5,0,4,1,1,1,22511
4590,204590,36,1,1,28,2,0,3,4,1,3,1,3,1,3,0,1,2,22692
457,200457,18,0,3,11,3,1,3,3,0,4,2,2,1,4,1,2,1,16878
1726,201726,42,1,1,8,3,0,2,4,0,5,1,1,1,4,1,1,1,17593
4294,204294,25,1,3,17,3,0,4,4,1,3,1,3,1,1,0,1,2,22938
1308,201308,38,1,3,8,3,0,3,5,1,3,1,3,1,3,0,0,2,20405
3237,203237,29,1,1,22,2,1,3,4,0,3,1,3,0,4,1,2,1,20885
4318,204318,29,1,1,24,3,1,4,4,1,5,1,3,0,1,0,2,2,23236
1485,201485,29,1,1,27,2,0,2,1,3,5,1,2,0,5,1,1,3,24980
1784,201784,39,1,1,16,3,1,3,3,4,5,1,2,1,3,1,2,0,32068
1799,201799,47,1,1,11,2,1,2,3,2,3,1,5,0,1,1,0,4,33300
2980,202980,61,1,3,23,3,1,3,4,1,5,3,2,0,4,1,1,2,24083
3893,203893,33,1,1,9,1,1,4,4,0,5,2,3,0,1,1,2,1,21117
2045,202045,54,1,1,25,3,0,3,3,1,5,1,1,1,3,0,2,2,20485
2309,202309,42,1,3,10,3,1,2,3,1,5,2,1,0,5,1,0,2,20155
2788,202788,36,1,1,12,1,1,4,4,3,4,3,2,0,3,0,1,3,26773
583,200583,34,1,3,14,2,0,3,3,1,5,0,6,0,2,1,0,2,21500
2486,202486,27,1,1,32,2,1,3,6,0,3,2,3,0,2,1,2,1,20971
1499,201499,46,1,3,8,3,0,2,3,2,5,2,4,0,1,1,1,4,33947
3851,203851,25,1,1,7,2,1,3,5,1,3,3,3,0,3,1,2,2,23295
3852,203852,24,1,1,19,2,1,4,4,0,3,3,3,0,5,1,1,1,21325
1333,201333,46,1,3,16,2,0,3,3,3,4,1,6,0,1,0,2,3,22314
2392,202392,44,1,3,15,2,1,3,4,0,5,1,4,0,1,1,2,1,34190
709,200709,31,0,1,15,3,1,2,4,0,5,2,1,1,3,1,0,1,17321
366,200366,41,0,3,10,3,1,2,3,1,4,3,2,0,3,1,0,2,24355
4367,204367,27,0,2,24,2,0,3,4,0,3,1,2,1,5,0,2,1,21419
1522,201522,44,1,3,6,3,0,3,3,1,5,1,6,1,1,1,1,2,20454
3066,203066,33,1,3,20,2,1,4,4,1,3,1,4,0,2,0,1,2,23081
464,200464,37,1,1,6,1,0,2,3,3,3,3,5,0,5,1,1,3,22491
1213,201213,23,1,3,13,2,1,2,3,0,3,1,2,1,1,1,0,1,17275
3393,203393,40,1,1,25,2,1,3,4,1,3,3,2,0,3,0,1,2,23212
3504,203504,25,0,1,16,3,1,3,4,0,5,3,4,1,3,0,2,1,21850
386,200386,37,1,1,20,2,0,3,3,0,5,1,2,0,4,1,0,1,18034
163,200163,57,1,1,30,2,1,2,2,3,3,1,4,1,4,1,1,3,24439
1994,201994,34,1,1,15,3,0,2,4,3,4,3,2,0,1,1,0,3,23621
909,200909,19,1,1,31,2,0,2,1,0,3,2,2,1,5,1,0,1,17994
1316,201316,43,0,3,8,2,1,3,3,1,3,1,2,0,3,1,2,2,20675
3505,203505,25,0,3,20,2,0,4,4,0,4,0,3,0,1,0,1,1,20711
3618,203618,26,0,1,9,2,1,4,2,1,3,1,3,0,1,0,2,2,23884
809,200809,28,1,1,9,3,0,3,3,3,4,1,1,0,4,0,0,3,22655
2918,202918,25,1,1,30,3,1,3,3,0,3,0,3,1,4,0,2,1,21403
4172,204172,52,1,1,7,2,1,4,4,0,3,1,3,0,4,1,1,1,21401
3913,203913,35,1,1,15,3,1,3,2,1,3,1,4,0,3,0,2,2,23082
3107,203107,22,1,1,25,2,0,4,4,0,3,3,3,0,3,1,2,1,21371
3523,203523,40,1,1,13,2,0,3,4,3,4,3,6,0,3,0,2,3,27054
3076,203076,43,0,1,9,3,1,3,4,0,3,2,7,1,2,0,2,1,21193
3303,203303,30,1,1,22,2,0,4,6,0,3,0,2,1,5,1,1,1,20846
1024,201024,47,1,1,8,3,0,2,3,4,3,0,4,0,5,1,0,0,32169
3051,203051,50,1,3,18,3,0,3,4,3,3,0,3,0,4,0,2,3,26332
3394,203394,32,0,3,9,2,0,3,4,3,3,1,3,1,1,1,1,3,28530
2943,202943,34,1,3,15,3,1,3,4,1,3,1,2,0,2,1,2,2,25782
3045,203045,41,0,1,23,3,1,3,5,1,3,3,8,0,5,1,2,2,23772
1338,201338,30,1,3,15,3,1,2,3,0,3,2,2,0,5,0,0,1,16081
4859,204859,51,0,3,19,2,1,3,4,1,3,2,5,1,3,1,2,2,35558
1369,201369,28,1,3,19,3,0,2,3,1,3,3,4,1,5,1,1,2,24854
3941,203941,43,1,3,15,3,1,3,4,1,4,1,2,0,3,1,1,2,25503
4722,204722,30,1,1,35,2,0,4,4,0,3,1,6,0,5,1,1,1,21192
3044,203044,33,1,1,11,2,0,4,5,1,3,0,3,0,4,1,1,2,24840
4538,204538,54,1,3,14,3,0,4,5,3,3,1,2,1,1,0,2,3,29612
2111,202111,32,0,3,11,2,1,2,3,1,4,1,2,0,3,1,1,2,21524
3895,203895,39,1,3,17,2,0,4,4,1,3,1,3,0,4,0,3,2,24021
4856,204856,37,1,3,17,3,1,3,5,3,5,1,2,0,5,0,1,3,25772
2789,202789,24,1,1,33,2,1,3,4,0,3,1,3,0,2,1,2,1,21582
3264,203264,36,0,3,18,3,1,3,4,1,3,1,3,0,5,0,1,2,23646
1199,201199,36,1,1,32,2,1,3,3,1,3,1,7,0,3,1,0,2,20347
39,200039,33,0,3,6,2,0,2,2,1,5,0,3,0,3,1,0,2,20376
2891,202891,36,1,3,7,3,1,3,4,1,3,0,2,0,3,1,1,2,23395
1695,201695,59,1,1,9,2,1,3,4,0,3,1,4,0,3,0,0,1,17177
3905,203905,51,1,3,35,3,1,3,5,3,5,1,6,1,5,0,1,3,29532
2507,202507,60,1,3,32,2,0,3,4,3,5,3,2,0,3,1,1,3,26315
2857,202857,43,0,1,35,1,0,3,5,1,3,0,2,0,3,0,1,2,23201
2839,202839,44,0,1,28,3,1,4,4,0,3,0,2,0,4,0,3,1,20936
3194,203194,45,1,3,35,3,0,3,2,4,3,0,5,1,2,1,2,0,31998
2848,202848,29,1,1,24,3,1,4,4,1,5,1,3,0,2,0,1,2,23236
4393,204393,25,0,1,14,2,0,3,4,0,3,1,3,1,4,0,1,1,21564
3168,203168,25,1,1,24,3,0,3,5,1,3,1,3,0,3,1,2,2,23055
2054,202054,42,0,1,14,2,1,3,3,2,3,1,2,0,5,1,1,4,33430
1266,201266,41,1,1,15,2,1,3,3,0,5,1,2,0,5,1,1,1,17289
4857,204857,47,1,3,22,3,1,3,6,1,3,1,8,1,1,0,2,2,22101
1043,201043,53,1,1,8,3,1,2,1,4,4,2,5,0,1,1,0,0,31598
1767,201767,35,1,3,22,3,1,3,3,3,4,1,1,0,1,1,1,3,23020
379,200379,55,1,1,8,2,0,3,3,4,3,2,3,1,5,0,1,0,31659
3925,203925,30,1,1,22,2,0,3,5,1,3,3,2,1,1,1,2,2,22871
410,200410,30,1,1,8,2,0,2,5,1,3,2,3,0,2,0,1,2,21091
1321,201321,47,1,1,15,2,0,3,3,0,3,2,5,0,3,1,0,1,17105
859,200859,29,1,1,21,2,0,3,5,0,3,0,1,1,5,1,0,1,17168
668,200668,28,1,1,15,3,0,3,3,0,3,1,6,0,3,1,1,1,17377
2382,202382,26,1,1,13,3,0,2,4,3,5,1,1,1,4,1,1,3,17875
1540,201540,59,0,3,6,2,0,2,4,1,3,2,1,0,5,1,0,2,20473
2273,202273,34,0,1,9,2,1,2,4,0,3,1,4,0,1,0,0,1,17979
3204,203204,54,0,3,9,3,0,3,5,3,4,0,4,0,2,0,2,3,26203
1963,201963,44,1,2,6,2,0,2,4,1,3,2,5,0,5,1,1,2,20985
3335,203335,45,1,1,9,2,0,4,2,0,3,0,3,0,4,1,1,1,20689
2653,202653,47,1,1,7,3,1,4,4,3,5,1,2,0,2,0,1,3,28074
4776,204776,45,0,1,24,2,1,4,6,0,3,2,4,0,4,1,2,1,20968
3826,203826,32,0,1,10,3,1,3,4,0,5,1,3,1,1,0,1,1,21743
3754,203754,59,0,1,22,2,1,3,4,4,3,1,4,1,1,1,1,0,34465
1657,201657,55,1,1,20,3,1,3,1,2,4,2,1,0,1,1,1,4,33722
4629,204629,34,0,1,7,2,0,3,2,1,4,1,3,1,3,1,1,2,24166
3842,203842,34,0,1,14,2,1,3,4,1,3,1,3,0,5,1,2,2,24646
2066,202066,35,1,1,6,2,0,2,1,0,3,2,4,0,3,1,1,1,17506
2377,202377,44,1,1,29,3,1,3,3,0,5,2,1,0,3,0,2,1,33213
4739,204739,30,1,1,15,3,1,4,5,1,3,1,3,1,3,1,2,2,23734
1451,201451,38,1,3,16,2,0,3,3,1,3,1,2,0,4,0,2,2,20343
3838,203838,33,1,1,12,2,1,3,5,1,3,3,2,0,1,0,2,2,28357
1005,201005,29,1,2,23,2,1,2,4,3,5,3,2,0,3,0,0,3,22988
1925,201925,33,1,1,6,3,0,3,1,4,3,1,5,0,1,1,0,0,31184
891,200891,44,1,1,8,2,0,3,1,0,3,0,2,0,4,1,0,1,17011
3069,203069,46,1,3,16,3,1,4,4,3,5,1,6,1,2,1,1,3,29439
2385,202385,21,0,3,24,3,0,3,3,1,3,1,1,1,5,0,1,2,17625
3232,203232,29,1,1,17,2,0,3,4,1,3,3,5,0,4,1,2,2,22338
2349,202349,60,1,3,13,3,1,2,1,1,3,1,1,1,5,0,0,2,20220
2016,202016,29,1,3,16,2,1,3,3,0,3,2,2,0,4,1,0,1,17642
747,200747,38,1,3,9,2,1,2,3,1,3,3,1,1,3,1,1,2,21861
56,200056,35,0,3,24,2,1,3,3,3,5,0,2,0,4,1,0,3,24069
4755,204755,25,1,1,31,3,1,3,4,0,4,3,2,0,5,0,2,1,22275
3352,203352,34,1,3,17,3,1,3,2,3,3,1,2,1,4,1,2,3,27058
4440,204440,40,1,1,9,1,0,4,5,1,3,3,3,0,1,1,2,2,23231
53,200053,35,0,1,17,3,1,3,4,3,5,0,3,1,5,1,1,3,24884
753,200753,39,0,1,28,3,0,2,3,3,5,3,2,1,5,1,0,3,25880
1548,201548,37,1,1,13,3,1,1,3,3,3,2,5,0,1,0,0,3,28664
1613,201613,30,1,1,24,2,0,3,3,0,3,2,2,0,1,1,2,1,17632
3554,203554,36,1,1,9,2,0,4,4,0,5,1,3,1,1,1,2,1,20752
3439,203439,44,1,1,13,3,0,4,5,1,3,3,3,1,4,1,2,2,22759
610,200610,27,1,1,11,1,1,2,4,3,3,1,2,1,3,0,0,3,27808
4864,204864,32,1,2,29,2,1,3,6,0,3,1,3,0,1,0,2,1,28530
501,200501,30,0,1,9,3,0,3,3,0,3,1,2,0,3,1,1,1,17083
307,200307,38,1,1,31,2,0,2,4,3,4,0,4,0,3,1,0,3,27061
3001,203001,36,0,1,9,2,0,4,4,1,5,1,4,0,4,0,1,2,23771
4038,204038,32,1,3,13,2,1,4,6,1,3,1,6,1,3,0,3,2,24850
1560,201560,40,0,1,6,2,1,3,4,4,4,1,2,0,1,1,1,0,28503
1733,201733,46,1,3,8,1,0,3,5,4,4,1,4,1,5,1,0,0,31872
852,200852,29,1,1,12,3,0,2,3,0,3,0,2,0,3,0,0,1,18131
3010,203010,48,0,3,34,2,0,4,2,1,3,3,6,1,4,1,3,2,25075
1970,201970,32,1,1,15,2,0,3,3,1,3,1,2,1,5,1,2,2,21322
4887,204887,36,1,1,14,2,1,4,4,0,4,3,3,1,3,1,2,1,24041
2793,202793,30,0,3,9,2,1,4,4,1,3,0,3,0,2,1,2,2,23327
3266,203266,35,0,1,9,2,1,4,4,1,3,3,4,0,4,1,3,2,22711
4470,204470,54,1,1,13,2,1,3,4,1,3,2,4,0,5,1,2,2,21128
4292,204292,35,0,3,26,3,1,4,2,1,3,3,2,1,1,0,1,2,23982
4605,204605,41,0,1,16,3,1,3,4,0,4,1,2,1,4,0,1,1,22295
4027,204027,25,1,1,25,2,1,3,4,0,3,1,2,0,4,0,1,1,21452
3884,203884,37,0,1,11,2,0,4,4,1,4,1,2,0,3,1,2,2,23809
1106,201106,30,1,3,6,2,1,3,4,1,5,1,2,0,4,1,1,2,24714
3802,203802,32,1,3,17,3,0,3,4,1,3,1,4,1,1,0,1,2,25261
2807,202807,34,1,3,12,3,0,3,4,0,3,3,3,1,2,1,1,1,21529
689,200689,20,1,1,10,1,1,2,3,0,5,2,2,0,3,1,1,1,17973
3627,203627,37,1,1,10,2,1,4,2,1,5,1,8,0,1,1,3,2,25520
1686,201686,30,0,3,32,3,0,2,4,1,5,3,6,0,1,1,1,2,21696
4423,204423,34,0,1,13,2,1,2,4,1,3,1,5,0,5,1,1,2,26403
2706,202706,33,1,1,9,1,1,3,5,1,5,2,6,0,4,0,2,2,20854
4136,204136,38,0,1,18,2,1,3,4,3,3,1,3,1,3,1,2,3,30863
3786,203786,35,1,3,11,2,1,4,4,3,3,1,4,1,4,0,3,3,28391
3595,203595,29,1,1,34,3,0,3,6,1,5,1,2,0,4,1,1,2,23886
2805,202805,41,1,1,17,2,0,3,3,0,3,0,5,1,3,0,2,1,20891
1575,201575,59,0,2,8,2,0,2,4,2,3,1,1,0,1,0,1,4,33844
4828,204828,56,0,3,9,2,0,3,5,0,3,2,2,0,5,0,1,1,32255
3059,203059,28,0,1,10,3,1,3,4,0,3,0,3,0,2,1,1,1,20384
2448,202448,28,1,1,9,3,1,3,4,0,4,0,2,0,5,1,1,1,22146
1350,201350,27,1,3,8,3,0,2,1,1,3,3,1,0,1,0,1,2,21500
1947,201947,50,0,2,9,3,1,3,3,2,4,1,2,0,1,1,2,4,33200
2012,202012,38,1,1,6,2,0,2,3,3,3,3,5,1,1,0,1,3,22861
116,200116,34,1,1,11,3,0,2,4,3,5,3,3,0,2,0,0,3,26631
1701,201701,42,1,1,10,1,1,2,3,2,3,1,2,0,1,0,0,4,34232
4537,204537,31,0,1,12,2,1,4,5,0,3,1,2,0,5,0,1,1,22439
3043,203043,37,1,2,20,2,1,3,4,0,4,0,6,0,3,1,1,1,20821
29,200029,46,1,3,8,3,0,2,3,2,5,2,4,0,2,0,1,4,33947
1836,201836,41,0,3,10,3,1,2,3,1,4,3,2,0,3,1,0,2,24355
3358,203358,56,0,1,15,3,1,3,5,4,4,1,3,1,3,1,2,0,32255
3442,203442,27,1,1,9,3,1,3,5,0,3,3,2,0,3,0,1,1,22582
857,200857,44,1,1,16,2,1,3,3,0,3,2,2,1,3,1,2,1,17936
3513,203513,29,1,1,7,2,1,4,5,0,3,1,3,0,4,0,2,1,20241
217,200217,29,1,1,6,1,1,2,3,0,3,2,1,0,2,0,0,1,17058
2152,202152,32,0,1,6,2,0,3,4,0,4,1,7,0,3,0,2,1,17332
4520,204520,35,0,1,23,2,0,4,5,0,3,2,3,0,5,1,3,1,21231
1282,201282,33,1,1,14,2,1,2,1,0,5,1,7,0,3,1,1,1,18143
2685,202685,33,0,3,33,3,1,4,4,1,3,0,2,0,4,1,3,2,23143
2282,202282,43,0,1,33,2,0,2,3,3,5,1,1,0,4,1,0,3,25820
3713,203713,44,1,2,9,2,1,4,4,0,3,3,2,0,1,0,1,1,22217
3112,203112,29,1,1,16,3,0,4,4,0,3,1,7,0,3,1,2,1,21055
4603,204603,21,1,1,11,1,1,3,4,0,5,3,3,0,3,1,1,1,21651
4400,204400,38,1,3,9,3,1,4,4,1,3,1,6,1,3,0,3,2,28280
705,200705,39,1,3,8,2,1,2,1,3,3,3,1,0,2,1,1,3,22880
2304,202304,34,1,3,15,2,0,3,3,1,3,1,2,0,1,0,0,2,20714
3037,203037,37,1,1,7,2,0,3,4,1,4,0,2,0,5,0,1,2,23906
123,200123,51,1,1,12,2,1,2,3,2,3,2,1,0,5,1,0,4,34537
508,200508,35,1,1,12,2,1,2,5,1,3,3,2,0,5,1,0,2,21646
4032,204032,37,1,1,10,2,0,3,4,0,3,1,7,0,1,0,2,1,21513
2062,202062,47,1,1,8,2,0,2,3,4,3,1,2,1,4,1,0,0,31752
825,200825,29,1,1,14,3,1,3,4,1,3,0,2,1,3,0,0,2,20056
1023,201023,56,1,1,6,2,0,2,3,0,5,0,3,0,5,1,1,1,17066
150,200150,40,0,1,32,3,0,2,3,1,4,1,2,0,2,1,0,2,20605
4373,204373,42,0,1,9,2,0,4,5,1,3,3,4,1,1,0,1,2,25489
2383,202383,45,1,3,19,3,1,2,1,4,3,2,7,1,3,1,0,0,33824
194,200194,45,0,1,8,3,1,3,4,4,3,0,1,0,4,1,0,0,31792
1770,201770,41,1,3,8,2,1,2,3,4,4,2,2,0,3,1,1,0,31015
616,200616,51,1,3,32,3,0,3,3,4,3,0,3,0,3,0,1,0,31307
4313,204313,32,1,1,7,2,1,4,5,0,5,1,3,0,4,1,2,1,20896
374,200374,28,1,3,15,2,1,3,3,1,3,2,2,0,3,1,0,2,20253
2753,202753,32,1,1,12,1,1,3,4,0,3,0,2,1,4,0,2,1,23499
3087,203087,43,1,1,10,2,0,4,2,1,3,0,4,1,5,0,1,2,23909
2446,202446,38,1,1,9,0,1,4,5,0,3,2,8,1,3,0,1,1,20768
1518,201518,46,0,3,11,3,1,3,3,1,3,2,5,1,5,1,1,2,20772
4689,204689,44,1,3,32,3,1,4,5,3,3,1,7,0,4,1,2,3,29476
2812,202812,41,1,3,29,3,1,4,5,1,3,0,4,1,3,1,2,2,25058
1156,201156,40,1,1,21,2,0,3,4,3,3,1,2,0,1,1,1,3,25435
295,200295,42,0,3,32,3,0,3,3,4,4,0,6,0,3,1,2,0,28525
4465,204465,40,1,2,10,2,0,3,2,1,4,1,2,0,1,0,1,2,25067
997,200997,27,1,1,23,2,0,2,3,0,3,2,2,1,5,1,0,1,17394
2439,202439,48,1,3,8,3,1,2,4,1,4,3,1,1,1,1,0,2,22898
1148,201148,39,1,1,16,3,1,3,3,1,5,1,3,0,5,1,2,2,20377
4344,204344,36,1,1,29,2,1,3,6,0,3,3,2,0,4,1,2,1,22908
2480,202480,51,1,3,10,3,1,3,5,0,3,0,3,1,4,0,1,1,21361
2988,202988,48,0,3,10,3,0,3,4,4,3,1,2,1,5,1,2,0,32448
870,200870,35,1,3,23,2,1,3,3,1,5,0,4,1,3,1,1,2,23966
3226,203226,31,1,1,27,2,1,3,4,1,5,0,2,0,4,1,1,2,28635
2084,202084,26,0,1,11,3,0,2,4,0,3,1,2,1,1,0,1,1,17366
575,200575,54,1,1,25,3,0,3,3,1,5,1,1,1,3,0,0,2,20485
3003,203003,39,1,1,9,3,1,4,4,0,3,0,8,1,4,0,1,1,21735
1501,201501,44,1,1,16,2,1,2,3,1,3,1,3,1,3,0,1,2,21465
1166,201166,48,0,1,10,3,1,2,4,4,3,1,3,0,5,1,1,0,30202
1803,201803,43,1,1,13,2,0,2,3,3,5,1,1,0,5,1,0,3,24985
567,200567,34,1,3,8,2,1,2,3,1,3,2,2,0,5,0,0,2,21274
4374,204374,27,1,3,36,3,1,3,4,1,3,1,7,0,5,0,1,2,22984
3123,203123,32,0,3,27,3,0,3,4,1,3,0,3,0,2,1,1,2,25610
3553,203553,31,1,3,36,1,1,3,4,3,4,1,5,0,4,0,2,3,27928
220,200220,36,1,1,11,2,1,3,3,1,4,2,1,0,2,0,2,2,20914
2663,202663,55,1,3,10,3,0,3,4,1,5,0,4,0,4,1,2,2,24618
1769,201769,51,1,1,8,3,1,2,5,1,4,1,6,0,1,0,1,2,20482
4728,204728,41,1,1,21,3,1,3,5,2,3,2,3,0,3,1,2,4,38304
63,200063,59,1,3,31,2,0,2,3,3,5,3,1,0,3,1,0,3,22637
1060,201060,24,0,1,15,3,1,2,3,0,5,2,3,1,3,0,1,1,18172
2331,202331,46,1,3,8,3,0,3,3,4,5,1,1,0,1,1,1,0,32048
91,200091,51,1,3,27,3,1,3,3,1,3,2,1,1,5,1,1,2,20441
1421,201421,47,0,1,6,3,0,3,3,3,4,1,1,0,5,0,0,3,26957
3293,203293,44,1,3,16,3,0,3,6,1,3,3,2,0,2,1,2,2,24024
4549,204549,36,1,1,16,2,0,4,5,3,3,1,3,1,4,1,3,3,29363
3403,203403,41,1,1,9,2,1,4,4,1,3,3,3,0,3,1,3,2,23339
1444,201444,56,1,1,13,1,1,3,3,0,3,1,1,0,4,1,2,1,17339
3466,203466,38,0,1,12,1,1,3,2,0,3,3,2,0,5,1,1,1,22178
1162,201162,35,1,3,16,3,1,2,4,3,5,1,1,0,5,1,1,3,25306
1890,201890,29,1,1,9,3,1,3,4,3,3,1,2,0,1,0,2,3,26935
4247,204247,44,1,1,14,2,0,3,4,3,5,1,2,0,5,1,1,3,28663
2935,202935,44,0,1,16,3,1,4,4,1,3,1,5,1,3,1,1,2,24357
1478,201478,38,0,1,29,2,1,2,4,3,3,3,1,0,3,1,0,3,24526
4638,204638,25,1,1,24,3,0,3,5,1,3,1,3,0,3,0,1,2,23055
197,200197,42,0,1,27,3,0,2,3,1,3,1,3,0,2,0,0,2,20265
1607,201607,39,1,3,10,2,0,2,4,1,3,1,5,0,5,1,1,2,20902
3447,203447,26,1,1,7,1,1,3,4,0,3,0,6,0,5,1,2,1,21907
1950,201950,30,0,3,18,2,1,3,4,0,5,1,2,0,5,1,2,1,17033
64,200064,36,1,1,14,1,0,2,3,3,3,1,2,0,4,1,1,3,25096
1746,201746,35,1,1,28,2,0,3,1,3,4,1,1,0,5,1,2,3,26996
272,200272,28,1,1,15,3,1,3,3,0,3,0,2,0,2,1,1,1,17070
2551,202551,26,1,3,12,3,1,3,5,1,3,3,3,1,3,1,1,2,24422
32,200032,30,1,1,15,3,1,2,4,0,3,2,2,0,4,1,1,1,17206
2163,202163,36,1,3,9,2,1,2,4,3,3,1,2,1,1,1,0,3,25325
3776,203776,30,0,1,31,2,1,4,5,0,3,2,3,1,3,1,3,1,21117
1126,201126,50,1,3,5,3,1,2,3,2,3,1,5,1,5,0,1,4,34331
265,200265,29,1,3,8,3,1,3,4,1,4,0,3,0,4,0,1,2,21644
4763,204763,44,1,3,16,3,0,3,6,1,3,3,2,0,1,0,1,2,24024
2689,202689,32,0,1,10,3,1,4,4,3,3,1,2,0,4,1,3,3,32353
1097,201097,24,1,1,27,1,1,2,4,0,5,1,1,0,3,0,0,1,17296
2728,202728,27,0,1,18,3,1,3,4,1,5,0,3,1,3,1,2,2,23419
2416,202416,40,1,1,14,3,1,3,4,0,3,3,2,1,4,1,2,1,24094
3931,203931,23,0,1,23,3,1,4,2,0,3,1,3,1,3,0,3,1,21613
395,200395,43,0,1,27,3,1,3,3,0,3,0,1,0,4,0,2,1,17258
1398,201398,33,0,1,13,2,1,2,3,1,3,1,2,0,5,1,1,2,20968
2212,202212,50,1,1,15,2,1,3,3,0,3,1,5,0,5,1,2,1,17380
4078,204078,28,0,1,10,3,1,4,5,0,3,1,3,1,1,0,3,1,21244
1972,201972,53,1,3,6,3,0,2,3,1,5,3,1,0,1,1,1,2,23381
751,200751,50,0,3,6,2,0,3,3,1,3,0,1,0,2,1,1,2,21347
4831,204831,35,1,1,24,2,0,3,4,0,3,3,3,1,5,1,1,1,23216
3953,203953,34,0,3,7,2,0,3,2,1,5,1,4,0,3,0,2,2,24054
178,200178,46,1,3,6,3,0,3,3,3,5,1,2,0,2,1,1,3,25453
2057,202057,52,1,1,17,2,0,2,3,1,3,1,1,0,1,1,0,2,18149
4177,204177,47,1,3,9,1,0,4,6,4,4,1,5,1,5,1,1,0,35550
2128,202128,44,1,1,15,2,1,3,3,0,5,1,2,1,3,1,0,1,17559
4570,204570,33,1,1,32,2,1,3,4,0,3,3,3,1,5,0,1,1,21473
1608,201608,25,1,3,34,2,1,2,4,1,3,1,3,0,4,1,1,2,23639
3660,203660,44,1,3,9,3,1,4,4,1,3,1,3,1,3,0,1,2,26525
55,200055,33,0,1,6,2,0,3,3,3,3,3,2,1,2,1,0,3,28458
3386,203386,37,1,1,17,1,0,4,4,3,3,0,5,0,3,0,3,3,25772
1141,201141,30,1,1,13,3,1,2,4,0,4,1,2,0,5,0,0,1,17141
3662,203662,42,1,3,13,3,1,3,4,3,3,3,3,0,5,1,1,3,27919
1971,201971,30,0,1,9,3,0,3,3,0,3,1,2,0,3,1,1,1,17083
4814,204814,37,0,1,10,1,1,3,4,0,4,1,3,0,3,0,2,1,22370
2813,202813,32,1,1,16,2,1,3,5,0,4,3,2,1,3,1,1,1,21335
439,200439,31,0,1,26,2,1,3,3,3,3,0,4,0,3,1,0,3,24824
3915,203915,50,0,1,15,2,1,4,5,1,4,1,3,0,1,0,1,2,23808
3944,203944,34,1,1,9,3,1,4,4,0,3,2,6,0,3,0,3,1,21174
4519,204519,39,0,1,19,2,1,2,5,1,5,1,4,0,5,1,1,2,24966
1342,201342,34,1,3,10,2,1,3,3,3,3,1,3,1,4,0,2,3,24713
4261,204261,48,0,3,11,3,1,4,4,1,3,3,5,0,4,0,3,2,21654
754,200754,33,0,3,14,2,0,2,4,0,3,2,1,0,2,1,1,1,17342
4111,204111,43,0,1,28,3,0,3,4,1,3,1,4,0,1,0,1,2,23943
3898,203898,46,1,3,27,2,0,3,4,1,3,3,2,0,1,1,1,2,23528
4666,204666,37,1,1,23,2,0,3,2,0,5,3,3,0,1,1,1,1,21421
679,200679,31,0,3,26,3,0,2,3,1,3,0,2,0,2,1,0,2,21932
4297,204297,23,1,1,18,3,0,3,4,0,4,1,3,0,1,1,2,1,20922
3646,203646,39,1,1,11,3,0,3,4,0,3,1,2,0,5,0,1,1,21984
4362,204362,41,1,1,13,2,0,4,4,4,3,2,2,0,5,1,1,0,31915
672,200672,42,1,3,20,3,0,3,4,1,3,2,1,0,3,0,0,2,21244
313,200313,33,0,1,11,2,0,3,3,3,4,0,7,0,3,1,2,3,26878
4008,204008,33,1,3,13,3,1,3,4,1,3,3,3,0,5,1,2,2,23688
2735,202735,37,1,1,10,1,1,2,4,1,4,3,6,0,2,1,1,2,23163
2018,202018,43,0,3,21,2,1,2,4,1,3,1,4,0,5,1,0,2,21804
1236,201236,36,1,3,19,3,1,3,4,1,5,1,6,1,1,1,0,2,21134
4212,204212,37,0,1,25,2,1,3,2,0,3,1,6,0,5,1,2,1,22366
2369,202369,49,1,1,10,3,1,2,4,2,3,1,3,0,3,0,1,4,33711
1034,201034,45,1,1,26,3,1,3,5,3,5,1,3,1,3,0,0,3,25851
4512,204512,29,1,1,9,3,1,3,4,0,3,3,8,0,3,1,2,1,23060
3289,203289,41,0,1,33,3,0,4,5,1,3,0,5,1,2,1,1,2,23100
3873,203873,40,1,1,31,2,1,3,4,1,3,3,2,0,4,1,1,2,22786
925,200925,42,1,1,13,3,0,3,1,1,4,0,7,1,1,0,0,2,17372
2975,202975,33,1,1,10,2,0,3,4,3,3,2,5,0,2,1,2,3,29837
4201,204201,39,1,1,30,2,1,3,4,1,3,1,2,0,3,0,2,2,24423
358,200358,36,0,3,6,3,0,2,3,1,3,3,5,0,2,1,1,2,21653
3119,203119,32,1,3,14,2,1,3,5,0,3,0,5,0,4,1,2,1,21007
2201,202201,20,1,1,17,3,0,3,4,0,5,2,2,1,3,1,2,1,17600
166,200166,41,1,1,20,2,1,2,3,0,3,1,5,0,4,1,1,1,17451
1336,201336,55,1,1,8,1,1,3,4,0,3,1,1,0,5,0,0,1,17662
2478,202478,25,1,1,7,3,1,4,4,0,3,0,4,1,3,1,3,1,20971
3474,203474,32,1,3,15,2,1,3,4,3,3,1,3,0,3,1,1,3,29471
3235,203235,36,1,3,11,1,1,3,4,3,5,3,2,1,4,1,2,3,28260
324,200324,30,1,1,34,3,0,3,3,1,3,0,2,0,3,0,2,2,20775
1775,201775,36,0,1,30,2,0,2,3,1,4,1,1,0,3,1,1,2,20674
2901,202901,19,0,3,12,3,1,4,4,0,4,2,3,1,4,1,3,1,20556
4254,204254,38,1,1,12,3,1,4,4,1,3,1,2,0,3,1,3,2,25025
4754,204754,36,1,1,7,3,1,3,5,0,3,1,8,0,1,1,2,1,20936
1105,201105,33,1,3,14,2,1,2,3,1,5,1,3,0,5,1,0,2,21392
68,200068,35,0,1,6,3,1,3,3,0,5,0,5,0,2,0,1,1,17194
4398,204398,32,1,3,13,3,1,4,2,1,3,1,6,0,5,1,2,2,24138
659,200659,28,1,3,11,3,1,3,3,1,3,2,2,0,3,1,0,2,19908
4178,204178,29,1,1,9,2,1,4,4,0,3,3,4,0,4,0,2,1,22163
4441,204441,33,1,3,17,3,1,3,4,1,3,3,3,0,4,1,2,2,24074
4406,204406,49,1,1,7,2,0,3,5,4,5,1,2,0,4,0,1,0,34080
1011,201011,36,1,3,9,3,0,2,3,1,4,3,4,1,4,0,1,2,24278
2872,202872,48,1,1,9,3,0,4,4,1,3,1,7,0,2,0,2,2,23748
578,200578,38,0,1,8,2,0,3,1,1,5,2,7,1,2,1,2,2,20980
1103,201103,48,1,3,22,2,0,3,3,1,3,1,1,0,4,1,0,2,21439
952,200952,31,0,3,6,2,0,2,3,0,4,2,2,1,5,1,1,1,17302
2552,202552,26,1,1,14,3,1,4,5,0,3,0,3,0,2,1,3,1,21567
3732,203732,36,0,1,9,3,1,3,4,1,3,1,4,0,3,0,2,2,24440
491,200491,43,0,1,15,3,1,3,3,1,3,1,4,1,3,1,0,2,20679
3022,203022,39,0,1,9,2,0,4,2,1,5,3,8,1,2,1,3,2,24658
1978,201978,35,1,1,12,2,1,2,5,1,3,3,2,0,5,0,1,2,21646
213,200213,51,1,1,14,2,1,2,4,3,4,0,6,0,3,1,1,3,27490
1623,201623,45,1,1,15,2,1,2,3,1,4,1,1,0,4,1,0,2,17348
2834,202834,44,1,1,19,2,1,3,5,4,4,1,3,0,3,0,2,0,33014
4860,204860,41,1,1,15,3,1,4,5,0,3,3,3,1,4,1,3,1,27772
4164,204164,38,0,1,17,3,1,4,4,3,3,1,8,0,3,0,3,3,28726
4437,204437,51,1,1,35,3,1,4,2,0,3,1,3,1,1,0,2,1,21899
4580,204580,23,1,1,10,2,0,3,4,1,3,1,2,1,5,1,2,2,22849
2123,202123,50,0,1,8,2,1,3,3,4,5,1,2,0,5,1,1,0,32924
232,200232,59,1,2,12,3,1,2,3,0,3,0,1,0,4,1,0,1,17267
3307,203307,34,1,2,9,2,1,3,4,0,3,0,3,0,2,0,1,1,22278
14,200014,28,1,1,30,2,1,2,4,0,3,2,6,1,2,0,0,1,17028
4213,204213,52,1,1,9,3,1,3,6,1,4,1,7,0,1,0,2,2,24160
3950,203950,51,1,3,10,3,1,3,5,0,3,1,3,1,4,1,2,1,21361
399,200399,31,1,1,6,2,1,3,4,0,5,0,2,0,4,0,0,1,17218
1136,201136,28,1,1,30,3,1,2,3,0,4,1,2,1,1,0,0,1,17408
3600,203600,41,1,1,22,2,0,4,5,3,3,1,3,0,1,1,2,3,29113
4342,204342,48,1,1,9,3,0,4,4,1,3,1,7,0,1,0,1,2,23748
1513,201513,27,0,3,14,2,1,2,3,3,3,3,2,0,1,1,0,3,23726
435,200435,33,1,1,21,3,1,2,3,3,3,0,1,1,5,0,0,3,28610
3593,203593,28,1,1,26,2,1,4,5,0,5,1,3,0,1,0,1,1,22744
1500,201500,33,1,1,8,3,1,3,3,0,3,2,5,0,3,0,2,1,17496
633,200633,36,1,2,14,2,1,3,4,0,5,0,1,0,2,1,2,1,17342
4810,204810,32,1,1,31,3,0,4,5,1,5,3,3,0,5,1,1,2,25490
4263,204263,30,0,3,9,2,1,4,4,1,3,1,3,0,1,1,2,2,23327
2181,202181,29,1,1,16,2,0,3,4,0,5,2,7,1,5,1,0,1,17404
2468,202468,35,1,1,13,3,1,3,4,0,5,3,4,0,2,1,2,1,21638
1791,201791,31,1,3,13,3,1,3,3,1,3,1,5,0,1,0,0,2,22547
3877,203877,26,1,3,15,2,0,3,4,1,3,1,2,1,1,1,2,2,23585
3727,203727,29,1,1,7,2,1,3,4,0,3,1,3,0,1,0,1,1,20722
3890,203890,35,1,3,35,3,0,4,5,1,3,1,3,0,5,1,1,2,25390
2856,202856,47,1,1,25,3,0,3,4,1,3,1,4,0,5,0,1,2,23488
3272,203272,19,0,1,15,3,1,4,4,0,3,2,3,0,5,0,1,1,20582
4467,204467,41,1,1,9,3,0,3,5,0,3,2,2,1,3,0,1,1,21020
3187,203187,60,1,1,9,2,0,4,5,4,3,2,5,1,5,0,3,0,32404
1559,201559,46,1,3,15,3,1,3,4,3,3,3,2,0,5,1,2,3,24619
4858,204858,29,1,1,14,2,1,4,4,0,5,3,5,1,3,0,3,1,25352
2955,202955,37,1,1,16,3,1,3,5,1,4,1,4,1,4,1,1,2,27525
1279,201279,44,0,1,6,3,1,2,3,0,4,1,2,1,3,1,1,1,17342
2483,202483,34,0,3,7,2,0,3,3,1,5,0,4,0,3,1,1,2,24054
279,200279,50,1,1,10,2,1,3,3,2,4,1,4,0,5,1,0,4,34144
2055,202055,23,1,1,12,2,1,3,1,0,5,1,2,1,3,0,0,1,16601
4036,204036,57,1,1,21,2,0,4,4,0,4,1,2,1,5,1,1,1,23641
3744,203744,35,1,3,15,1,1,4,2,1,3,1,3,0,1,0,3,2,25477
4335,204335,30,1,1,32,1,0,4,5,0,4,1,7,0,3,1,3,1,21224
227,200227,29,0,3,6,3,0,2,3,3,3,0,2,0,3,1,0,3,22918
2860,202860,39,0,1,9,2,1,3,4,0,3,0,3,1,5,1,2,1,20380
2963,202963,30,0,1,7,2,1,4,6,0,3,1,3,0,2,1,1,1,21398
606,200606,34,0,1,22,2,0,3,4,0,3,2,2,0,5,1,1,1,17553
4811,204811,60,1,3,10,2,0,3,5,1,3,3,7,0,3,0,1,2,23849
2485,202485,28,1,1,9,2,0,3,4,0,5,1,3,0,3,0,2,1,21019
171,200171,19,0,3,6,1,0,3,5,0,5,2,1,0,3,1,1,1,17325
327,200327,39,1,3,9,3,0,2,3,1,3,0,5,1,4,1,1,2,20238
2847,202847,42,1,3,7,3,1,3,3,3,5,0,3,0,3,1,2,3,27070
4005,204005,52,1,3,28,3,1,4,4,1,3,3,2,1,5,0,3,2,24119
78,200078,37,1,1,13,3,1,1,3,3,3,2,5,0,2,0,0,3,28664
1374,201374,58,1,3,27,2,0,3,3,4,3,1,5,1,5,1,0,0,32875
2213,202213,59,1,1,8,2,0,3,4,4,3,2,4,1,5,1,0,0,28726
3936,203936,35,1,1,14,2,0,3,4,3,4,2,2,0,5,0,1,3,30672
4784,204784,36,1,3,24,2,1,4,4,1,5,1,5,1,3,0,3,2,27644
2125,202125,33,1,2,9,2,1,2,3,0,4,1,4,1,5,0,1,1,17277
1414,201414,47,1,1,31,3,1,2,3,3,3,3,3,0,3,1,0,3,23633
4479,204479,24,1,1,17,3,1,4,2,0,3,3,3,0,1,0,2,1,22183
4472,204472,33,0,1,31,2,1,4,4,1,3,1,3,0,4,1,3,2,23987
2180,202180,33,0,3,23,2,1,2,3,4,3,2,2,0,3,1,0,0,32444
2517,202517,33,1,1,7,2,1,4,4,1,4,0,3,0,3,0,1,2,24898
3492,203492,35,1,3,10,2,1,3,6,1,5,3,5,0,5,1,2,2,23437
3897,203897,37,1,3,18,3,0,4,5,1,3,1,6,0,1,1,2,2,25330
3894,203894,36,1,2,33,2,0,3,4,3,3,3,3,1,1,1,1,3,27515
1241,201241,32,1,3,25,2,1,3,5,3,3,1,4,0,3,1,2,3,24610
344,200344,35,1,1,11,1,1,3,3,3,4,3,1,0,3,0,0,3,23095
3876,203876,38,1,1,17,2,0,3,2,3,3,1,3,1,1,0,2,3,32422
1814,201814,35,1,1,11,1,1,3,3,3,4,3,1,0,3,1,1,3,23095
445,200445,55,1,3,24,2,0,2,3,4,4,2,4,0,2,0,1,0,31835
3580,203580,29,1,1,31,3,1,3,4,0,4,1,3,1,1,0,1,1,21086
367,200367,50,1,1,16,1,1,3,4,3,3,3,7,0,5,0,2,3,25496
1033,201033,31,0,1,6,2,0,3,1,3,4,3,2,0,3,1,2,3,22446
1417,201417,31,1,3,8,2,1,2,3,0,3,1,1,0,4,1,0,1,18067
3587,203587,46,0,3,33,3,1,3,5,1,5,1,3,0,3,0,1,2,23063
1739,201739,36,1,1,12,2,1,2,3,0,3,1,1,0,5,1,1,1,18210
3284,203284,36,1,1,7,3,1,3,5,0,3,0,8,0,2,1,2,1,20936
720,200720,30,1,1,28,2,0,2,3,0,3,0,5,1,2,0,1,1,17132
515,200515,35,0,1,9,2,1,2,4,0,3,0,2,0,2,1,1,1,16281
1656,201656,40,1,1,10,3,0,2,3,2,3,1,2,0,5,1,1,4,34033
2497,202497,36,0,1,18,3,1,4,5,3,5,0,4,1,5,1,2,3,28562
2235,202235,38,0,1,9,2,1,2,3,0,3,1,4,0,3,1,0,1,17821
2614,202614,28,1,1,24,1,1,3,4,0,4,0,2,1,4,1,1,1,21736
3179,203179,49,1,1,13,2,1,4,5,1,3,3,4,0,2,0,1,2,22918
1871,201871,56,0,3,12,2,0,2,1,4,5,1,1,0,3,1,0,0,28212
3382,203382,59,1,1,30,2,1,3,4,0,3,1,3,0,3,1,2,1,21050
1480,201480,35,1,1,22,3,1,2,1,0,4,1,1,0,4,1,1,1,17426
3781,203781,29,1,3,10,3,0,4,4,0,4,1,3,0,1,1,1,1,21534
4486,204486,30,1,1,34,3,0,4,4,1,3,1,6,0,1,0,2,2,23013
1703,201703,50,1,3,6,3,0,3,3,2,3,1,4,0,1,1,0,4,34517
1684,201684,30,1,1,9,1,0,2,3,0,5,2,6,1,4,0,0,1,17657
3982,203982,36,0,1,7,3,1,4,4,0,5,1,6,0,1,0,2,1,20872
2495,202495,29,1,1,12,1,1,3,4,0,3,3,3,1,2,1,1,1,22119
71,200071,29,1,1,8,2,1,3,3,0,4,0,1,0,4,0,0,1,17703
95,200095,54,1,1,8,1,0,2,3,3,3,0,1,0,4,1,0,3,28549
459,200459,41,0,1,8,2,0,3,4,1,3,3,3,1,2,0,0,2,21811
4323,204323,43,0,1,36,2,0,4,4,1,3,1,4,0,3,1,2,2,23234
1858,201858,42,1,1,6,2,0,3,3,0,5,1,4,0,3,0,2,1,17576
2682,202682,33,1,3,11,2,0,3,4,0,4,0,4,0,3,1,1,1,22609
4717,204717,35,0,1,10,2,1,3,5,0,3,1,5,0,1,0,1,1,21657
2993,202993,35,1,1,15,3,0,4,4,1,3,3,5,0,4,1,2,2,24820
946,200946,40,1,3,31,3,1,2,4,3,4,3,3,1,5,0,1,3,24094
1699,201699,29,1,1,24,3,1,2,4,0,3,2,2,1,3,0,0,1,17389
4268,204268,31,0,3,32,1,0,3,4,1,3,1,2,1,3,1,2,2,23414
1173,201173,36,1,1,11,2,0,2,3,3,5,1,5,0,4,1,1,3,23008
1170,201170,27,0,1,8,3,1,2,3,0,3,2,3,0,3,0,1,1,17580
4192,204192,27,0,1,7,2,0,3,4,1,4,1,3,0,5,1,2,2,25075
154,200154,32,0,3,14,3,0,2,3,3,3,3,2,0,4,1,1,3,23998
1400,201400,38,0,2,6,2,1,2,3,0,4,1,1,1,1,1,1,1,17991
2544,202544,38,1,2,13,2,1,4,4,0,5,1,6,1,2,1,1,1,20751
2148,202148,48,1,1,26,3,1,2,3,0,3,1,5,0,1,1,0,1,17259
2923,202923,25,0,1,14,2,0,3,4,0,3,0,3,1,4,0,1,1,21564
2755,202755,46,0,1,14,2,1,4,4,3,5,1,3,0,2,1,3,3,23888
536,200536,60,1,3,22,3,1,2,3,1,5,2,1,0,4,1,0,2,20405
4340,204340,31,0,1,9,3,0,3,4,0,3,2,2,0,4,1,1,1,21242
4054,204054,33,1,1,16,3,0,3,4,0,5,3,2,0,4,1,1,1,22878
4041,204041,20,1,3,29,3,1,3,4,0,3,2,3,1,1,1,1,1,20353
4751,204751,41,0,1,16,3,0,3,4,3,3,2,2,0,4,1,2,3,32177
2127,202127,29,1,1,13,3,0,3,4,0,3,1,7,0,5,1,1,1,17532
3077,203077,37,1,2,15,2,1,4,5,0,5,0,2,0,2,1,3,1,21020
3538,203538,41,1,3,16,3,1,3,4,1,5,1,2,0,3,1,2,2,24151
541,200541,36,0,1,14,2,0,3,2,3,5,0,1,0,3,0,0,3,26713
484,200484,31,1,3,12,3,1,3,2,1,3,1,5,0,5,1,2,2,20460
36,200036,50,1,3,9,3,1,2,4,0,3,0,2,1,4,0,0,1,17683
1355,201355,36,1,3,23,3,1,2,4,1,4,1,3,0,4,1,0,2,20507
251,200251,39,0,1,8,1,0,3,3,3,3,3,1,0,2,1,1,3,25938
1502,201502,30,1,1,15,3,1,2,4,0,3,2,2,0,4,0,1,1,17206
4747,204747,28,1,1,13,2,1,3,5,0,3,1,3,0,1,1,2,1,21217
2659,202659,42,1,3,13,2,0,4,4,3,3,2,5,1,2,0,2,3,32269
1079,201079,39,1,1,12,2,0,2,3,3,4,3,5,0,3,0,1,3,23376
1569,201569,44,0,1,29,3,1,3,3,1,4,1,5,0,3,0,1,2,17042
2926,202926,32,1,3,20,3,1,3,4,1,5,1,4,0,2,0,1,2,22911
3395,203395,42,0,3,17,3,1,3,6,1,4,3,3,0,1,1,1,2,24829
596,200596,35,1,1,6,2,0,2,1,0,3,2,4,0,3,0,0,1,17506
4846,204846,30,0,1,9,3,1,3,5,0,5,3,2,0,4,1,2,1,22017
844,200844,30,1,3,16,3,1,3,4,1,3,0,2,0,2,1,0,2,21578
552,200552,56,1,1,15,3,1,2,3,4,3,0,1,0,4,0,0,0,26103
4232,204232,28,1,1,12,2,0,3,4,0,4,2,3,1,3,0,2,1,21156
4521,204521,50,1,3,18,3,0,3,4,3,3,1,3,0,4,0,1,3,26332
1041,201041,28,1,3,11,3,1,2,3,1,5,3,1,0,1,1,0,2,23463
236,200236,33,1,1,8,2,0,2,3,0,5,0,1,0,3,1,0,1,17707
708,200708,36,0,3,14,1,1,2,3,1,3,1,5,0,3,1,0,2,20079
1702,201702,59,1,2,12,3,1,2,3,0,3,1,1,0,4,0,0,1,17267
3737,203737,44,0,1,16,2,1,3,4,0,3,2,6,0,3,0,2,1,21116
7,200007,30,1,1,30,2,1,3,3,0,3,1,2,0,2,0,1,1,17693
548,200548,43,0,3,21,2,1,2,4,1,3,0,4,0,5,0,1,2,21804
356,200356,42,1,1,8,2,1,3,4,1,3,3,4,0,2,0,1,2,21781
986,200986,39,1,3,27,2,1,2,4,1,3,0,4,1,1,0,1,2,21120
3566,203566,30,1,1,10,3,1,3,4,0,5,3,3,1,3,0,2,1,23401
4378,204378,38,1,1,7,1,0,3,4,3,3,3,6,0,5,1,1,3,26169
4250,204250,30,1,1,15,2,1,4,6,0,5,1,3,1,3,0,2,1,20797
4341,204341,61,0,3,35,3,0,4,5,3,5,1,6,0,1,1,1,3,28944
1794,201794,30,1,1,34,3,0,3,3,1,3,1,2,0,3,1,2,2,20775
4082,204082,39,1,3,7,2,0,3,5,1,3,3,6,0,1,0,2,2,27364
2347,202347,46,1,1,8,1,1,2,3,1,3,1,3,0,1,0,0,2,22379
876,200876,20,1,3,27,3,1,2,1,0,3,2,2,0,3,0,0,1,17678
3156,203156,34,1,1,20,2,0,3,4,0,3,3,5,0,3,1,1,1,22130
3703,203703,31,1,1,23,2,1,3,2,1,3,1,5,0,1,1,1,2,23972
240,200240,39,1,1,6,3,0,3,3,0,3,1,1,0,3,0,1,1,17232
559,200559,38,1,1,8,3,1,3,3,0,3,0,7,1,4,0,0,1,18057
2278,202278,29,1,1,34,2,0,3,3,0,3,1,5,0,5,1,0,1,17514
1517,201517,37,1,1,25,2,1,3,3,0,4,1,5,0,4,0,1,1,18022
35,200035,43,1,1,8,3,0,3,2,0,3,1,2,0,2,0,1,1,17645
4874,204874,42,1,1,15,3,0,4,4,0,5,1,3,1,3,0,3,1,22781
1137,201137,22,0,1,32,2,0,2,4,0,3,1,2,1,3,0,0,1,17814
2343,202343,36,1,1,12,2,1,2,5,0,3,1,2,0,1,1,0,1,17741
3863,203863,43,1,1,25,2,1,3,4,1,5,1,8,1,1,0,1,2,24088
1427,201427,40,1,1,6,2,1,2,3,0,3,1,1,0,1,0,0,1,17406
3273,203273,34,1,3,16,3,0,4,4,1,5,3,2,1,3,0,2,2,26902
3729,203729,47,0,3,33,2,1,4,5,1,4,3,2,0,4,1,3,2,26669
1114,201114,48,1,1,21,2,0,3,3,0,5,1,1,0,1,1,0,1,17367
2442,202442,18,1,3,15,3,1,2,3,0,3,2,2,0,5,0,1,1,16611
4566,204566,38,0,3,26,3,1,3,4,3,4,3,3,1,5,0,1,3,26320
3046,203046,31,1,1,9,3,0,3,5,1,3,3,7,1,2,1,2,2,25555
2712,202712,46,1,1,27,3,1,4,4,4,3,0,2,1,3,0,1,0,32174
3746,203746,36,1,1,30,3,1,4,6,0,3,1,2,0,1,1,1,1,21383
274,200274,21,1,1,9,3,1,3,4,0,3,2,2,0,5,1,1,1,18230
928,200928,44,1,1,21,3,0,3,3,3,3,0,2,0,3,0,1,3,22978
969,200969,48,1,1,10,2,1,2,3,3,3,3,2,0,5,1,1,3,22898
715,200715,33,0,1,6,2,0,2,1,1,4,0,2,1,3,0,1,2,20488
2270,202270,28,0,1,6,3,1,2,4,0,4,1,2,0,4,1,0,1,17596
4205,204205,37,1,1,10,1,1,2,4,1,4,3,6,0,1,1,1,2,23163
2098,202098,37,1,3,22,3,1,3,4,1,3,1,5,0,5,1,0,2,21334
1719,201719,45,0,1,13,2,1,3,1,1,3,1,5,0,1,1,0,2,21434
2280,202280,46,1,3,9,3,1,2,3,4,3,1,4,0,1,1,0,0,32465
2909,202909,47,0,1,25,3,0,3,4,3,3,0,7,0,3,1,1,3,29205
101,200101,32,1,1,6,2,1,3,3,0,5,2,2,0,2,0,2,1,17956
314,200314,39,1,1,16,3,1,2,3,4,5,0,2,1,3,1,1,0,32068
362,200362,21,0,3,15,3,1,2,3,0,3,2,2,0,4,0,0,1,17610
4746,204746,38,1,1,32,3,0,3,5,1,3,1,2,0,3,1,1,2,24409
1362,201362,45,0,1,6,3,1,2,3,1,3,2,5,0,1,1,1,2,20399
1037,201037,45,1,1,35,1,1,2,3,3,3,0,5,1,5,1,0,3,24380
4188,204188,22,1,1,10,3,1,4,5,0,3,3,3,0,5,1,3,1,21908
1486,201486,32,1,1,11,2,1,3,1,0,4,1,1,1,1,1,2,1,18298
3759,203759,37,1,1,9,2,0,4,4,1,4,1,6,1,4,0,1,2,25640
2023,202023,40,1,1,8,3,0,2,4,0,3,2,1,1,3,0,0,1,17342
4646,204646,31,0,1,12,3,0,3,4,0,4,2,2,0,3,0,1,1,21100
2554,202554,52,0,1,7,3,0,2,5,3,5,3,5,0,2,1,1,3,26162
4267,204267,38,1,1,13,3,1,3,2,1,5,1,6,1,3,1,2,2,24652
4690,204690,21,0,3,16,3,0,3,4,0,3,2,3,1,4,1,1,1,21001
3615,203615,41,1,1,14,2,1,4,4,0,5,2,5,1,3,0,2,1,20844
3463,203463,37,1,3,23,3,0,4,5,1,5,0,6,0,5,1,1,2,24325
1194,201194,47,1,3,8,2,0,2,1,4,4,1,7,0,1,0,0,0,30972
2512,202512,36,0,1,7,3,1,4,4,0,5,0,6,0,2,0,2,1,20872
1302,201302,35,1,1,29,3,1,3,5,0,3,1,1,0,1,1,0,1,17705
1630,201630,22,1,1,25,3,1,3,3,0,3,1,2,0,1,1,0,1,17323
4052,204052,26,1,3,35,2,1,3,5,1,3,1,4,0,4,1,2,2,27317
4431,204431,26,1,3,15,2,1,3,2,1,4,1,2,0,4,1,1,2,23529
823,200823,29,0,1,16,2,0,3,3,0,4,1,1,0,5,1,0,1,18291
1780,201780,31,1,2,8,2,1,3,4,1,5,1,4,0,3,0,2,2,21410
1124,201124,39,1,3,12,3,1,2,1,3,3,1,3,0,4,1,1,3,23237
4055,204055,46,1,1,36,3,1,3,4,0,3,3,7,0,1,1,1,1,22130
4237,204237,29,1,1,9,3,1,3,6,0,3,1,7,1,3,1,2,1,22142
511,200511,36,1,1,15,3,1,2,4,1,4,1,3,1,4,1,0,2,23847
1251,201251,30,1,3,21,3,1,3,4,3,5,1,3,0,1,0,2,3,22140
4505,204505,34,1,3,23,3,0,4,4,1,5,3,7,0,3,1,1,2,24002
4620,204620,41,0,3,31,2,0,4,2,4,4,2,6,1,3,1,1,0,31872
1955,201955,27,1,1,12,3,0,3,4,0,3,1,1,0,1,0,1,1,17187
3954,203954,36,1,1,11,2,1,4,4,0,3,1,3,0,4,1,2,1,20629
1679,201679,46,1,1,6,3,1,3,3,3,5,1,1,0,1,0,2,3,24396
1062,201062,44,0,1,8,3,1,2,3,3,3,3,6,1,1,0,1,3,25209
827,200827,28,0,1,12,2,1,2,4,0,3,1,2,1,4,1,0,1,17703
2295,202295,29,1,1,14,3,1,3,4,1,3,1,2,1,3,1,1,2,20056
972,200972,18,0,1,6,2,0,3,3,0,3,2,2,0,5,1,1,1,16611
3283,203283,43,1,3,11,3,1,3,4,1,5,3,2,0,5,1,2,2,23833
2559,202559,38,1,3,10,2,1,3,4,3,3,3,4,0,3,0,1,3,26106
3980,203980,37,0,1,18,2,1,4,5,1,4,3,3,0,4,1,2,2,25177
1042,201042,44,0,1,11,2,1,2,4,0,3,2,4,0,1,0,1,1,18162
189,200189,51,1,1,9,3,0,3,3,4,4,2,4,0,5,0,1,0,28734
1805,201805,40,1,3,6,3,1,2,5,1,3,1,3,1,3,1,0,2,22457
4312,204312,38,0,1,32,3,0,4,4,1,3,1,5,1,3,1,3,2,23127
1497,201497,42,1,3,14,3,1,2,3,1,4,1,1,0,3,1,0,2,21825
126,200126,58,1,1,29,3,0,3,3,3,3,0,2,0,3,1,0,3,25312
958,200958,34,1,1,15,2,1,2,3,3,3,1,1,0,5,1,1,3,23500
4060,204060,31,1,1,9,3,1,3,5,0,3,3,2,0,4,0,1,1,21398
294,200294,37,0,1,15,3,1,2,3,0,3,0,2,1,2,0,0,1,17326
2375,202375,29,1,1,13,1,0,2,3,0,3,1,4,1,4,1,0,1,31124
4469,204469,30,1,3,17,3,1,3,4,0,4,1,3,0,1,1,1,1,20975
134,200134,26,1,2,31,2,0,3,3,0,3,0,2,0,4,1,0,1,17942
4040,204040,59,1,1,30,3,0,4,4,3,3,1,3,0,3,1,1,3,28990
2227,202227,34,1,3,6,3,1,3,1,1,3,1,1,0,5,0,1,2,24725
4037,204037,52,1,1,13,2,1,3,4,2,3,2,2,0,5,1,2,4,38215
1585,201585,37,1,3,9,2,1,2,3,3,3,3,3,0,3,0,1,3,22428
1999,201999,38,1,1,6,2,0,2,1,1,3,3,1,0,1,0,0,2,22625
4067,204067,46,1,1,16,2,1,3,4,1,4,1,2,0,4,1,1,2,21026
2796,202796,49,1,3,36,3,0,4,4,3,3,0,5,0,4,0,1,3,31182
2944,202944,33,1,1,16,2,0,4,4,1,3,0,3,1,5,1,3,2,25000
4045,204045,51,0,3,19,3,0,4,4,3,3,3,6,0,5,1,3,3,27886
3082,203082,26,1,3,11,3,1,3,5,1,5,0,3,0,3,1,2,2,22934
414,200414,24,1,3,6,1,0,3,3,0,4,2,2,1,4,1,2,1,18202
3534,203534,30,1,1,15,2,0,3,6,1,5,1,5,0,1,0,1,2,28393
1078,201078,44,1,1,34,2,1,2,3,4,5,0,4,0,1,1,0,0,31328
3998,203998,35,1,1,7,3,1,4,4,1,4,1,3,0,5,1,3,2,23003
1885,201885,34,0,3,12,3,0,2,5,0,3,1,1,0,4,0,1,1,17351
4085,204085,20,0,3,7,1,0,4,6,0,5,2,2,0,3,1,1,1,21003
4694,204694,29,0,1,31,1,1,4,5,3,5,3,3,0,1,1,2,3,27400
2555,202555,35,0,1,14,2,1,4,6,1,3,3,3,1,5,1,2,2,24752
4699,204699,41,1,1,27,1,1,4,4,3,3,1,6,0,3,1,2,3,29000
2474,202474,34,1,1,9,3,1,4,4,0,3,2,6,0,3,1,3,1,21174
4720,204720,53,1,1,6,2,1,3,4,3,4,2,2,0,3,1,2,3,29123
2720,202720,36,1,1,29,2,0,4,3,3,4,1,2,0,5,1,2,3,30674
1430,201430,38,1,1,16,3,0,2,5,3,3,1,4,0,1,1,1,3,28206
3671,203671,32,1,1,9,2,1,4,4,0,3,1,3,0,5,0,3,1,22155
1989,201989,29,0,1,6,2,1,3,5,0,3,1,2,0,1,0,2,1,17720
2983,202983,51,1,3,15,3,1,3,4,0,4,0,2,0,2,1,1,1,22553
2525,202525,36,1,1,7,3,1,2,5,0,3,3,3,0,4,1,1,1,21537
4211,204211,36,1,3,23,3,1,4,4,3,4,1,2,0,1,1,2,3,26698
1532,201532,50,1,1,13,3,0,2,4,2,3,1,6,1,4,1,1,4,33740
2804,202804,58,1,1,7,3,1,3,4,1,3,0,4,0,3,1,2,2,25433
4287,204287,28,1,1,7,3,1,3,4,0,4,1,3,0,3,0,1,1,22494
2699,202699,26,1,1,7,2,0,4,4,1,3,0,2,0,3,1,2,2,23576
693,200693,36,1,3,9,2,1,2,4,3,3,0,2,1,2,1,0,3,25325
2732,202732,27,1,1,23,3,1,3,4,0,4,1,4,1,2,1,2,1,21051
1399,201399,43,1,1,17,2,1,1,3,3,3,1,2,0,1,1,0,3,22510
2299,202299,33,1,3,15,3,0,3,3,1,5,3,1,1,3,0,0,2,23224
3164,203164,31,1,1,29,2,0,3,4,0,3,0,6,1,2,0,2,1,20810
2472,202472,45,1,1,14,3,0,3,5,3,3,0,5,0,4,1,1,3,28926
3999,203999,57,1,1,14,2,1,3,6,3,3,3,6,0,1,0,1,3,25938
3363,203363,60,1,1,25,3,1,4,4,3,3,2,8,0,3,1,2,3,29190
2504,202504,33,1,1,7,3,1,3,4,1,3,0,3,1,4,1,1,2,24840
4600,204600,42,1,1,13,3,1,3,4,0,5,3,4,1,4,1,2,1,23399
4003,204003,47,1,3,16,3,1,4,5,3,3,3,3,0,5,1,3,3,28297
3625,203625,50,1,1,13,2,0,3,5,4,3,1,4,1,5,1,1,0,32644
1633,201633,57,1,1,30,2,1,2,1,3,3,1,4,1,4,1,0,3,24439
953,200953,44,1,1,9,2,1,2,3,0,5,0,5,0,5,1,1,1,17362
3258,203258,41,1,1,21,3,1,3,5,2,3,2,3,0,3,1,2,4,38304
3758,203758,46,0,3,9,2,0,4,4,1,3,1,6,0,1,1,3,2,23832
4309,204309,44,0,1,28,3,1,4,4,0,3,1,2,0,4,1,3,1,20936
3517,203517,29,1,1,36,2,1,4,6,1,4,0,3,0,1,1,3,2,25227
2454,202454,36,1,1,23,3,1,3,3,0,4,0,2,0,3,1,2,1,21104
4767,204767,20,1,1,16,2,1,3,4,0,5,2,3,0,3,0,2,1,21230
1842,201842,35,1,1,15,2,1,3,4,1,4,3,1,0,1,0,1,2,21540
4402,204402,43,1,1,9,2,0,3,4,1,3,1,3,0,1,0,1,2,22767
3685,203685,33,1,3,26,2,1,4,6,3,3,1,5,0,3,1,3,3,28288
921,200921,28,0,1,6,3,1,2,3,0,3,2,1,1,4,0,0,1,17154
1030,201030,31,1,3,14,2,1,2,3,3,3,1,2,0,3,1,0,3,25793
4022,204022,26,1,1,14,3,1,4,5,0,3,1,3,0,1,0,3,1,21567
4877,204877,39,0,1,16,2,1,4,4,1,5,1,6,0,3,0,3,2,25571
910,200910,23,1,1,6,2,1,2,3,0,3,0,2,0,4,0,1,1,16223
4560,204560,54,1,3,15,3,1,4,4,4,3,1,7,0,3,1,1,0,30514
1969,201969,33,1,3,14,3,1,2,3,1,3,1,1,0,1,0,0,2,22104
2097,202097,52,0,1,31,3,0,2,4,4,3,1,4,0,5,0,1,0,28826
1831,201831,40,1,1,16,2,0,2,1,0,3,1,4,1,3,0,1,1,17213
2325,202325,37,1,1,7,2,0,2,4,1,3,1,2,0,1,0,0,2,21474
3330,203330,31,1,1,7,3,1,4,4,0,4,0,2,1,4,1,3,1,22257
2114,202114,31,1,1,17,2,1,2,3,0,3,1,4,1,3,0,0,1,17356
428,200428,47,1,1,8,3,0,3,3,1,3,1,6,0,2,0,1,2,20070
1604,201604,26,1,2,31,2,0,3,3,0,3,1,2,0,4,1,1,1,17942
3336,203336,20,0,1,17,3,0,4,5,0,4,2,3,1,5,1,2,1,20537
4750,204750,30,1,3,30,2,0,3,5,3,5,1,3,0,3,1,2,3,26014
2987,202987,45,0,1,31,3,1,3,6,0,3,3,4,0,3,0,2,1,22386
4087,204087,31,0,1,16,3,1,4,4,1,5,1,3,0,1,1,2,2,21750
1035,201035,31,1,2,14,3,0,3,1,0,4,2,1,0,1,0,2,1,17109
3038,203038,30,1,1,30,2,1,3,2,0,3,0,3,0,2,1,2,1,21378
2500,202500,36,0,3,25,2,1,4,4,3,5,0,3,0,4,1,1,3,27747
2929,202929,28,1,1,13,3,0,4,5,0,3,1,2,0,2,1,2,1,20865
3643,203643,37,1,1,33,2,1,4,4,1,3,1,8,0,3,1,1,2,24025
1641,201641,19,0,3,6,1,0,3,5,0,5,2,1,0,3,1,0,1,17325
221,200221,33,1,1,10,3,0,2,4,0,4,0,7,0,4,0,0,1,17622
4866,204866,32,1,3,20,3,1,4,5,1,5,1,7,1,1,1,1,2,20980
4670,204670,33,0,1,36,3,0,4,4,0,3,3,2,0,3,1,3,1,22703
1000,201000,52,1,1,14,2,0,2,3,0,5,0,1,0,1,1,1,1,17950
3415,203415,52,1,1,18,1,0,3,5,4,4,2,5,0,1,0,2,0,31820
3321,203321,47,1,1,9,1,1,3,4,1,3,1,4,0,2,1,1,2,26057
1822,201822,48,1,3,35,3,0,3,3,3,3,1,4,0,4,0,1,3,27504
4627,204627,46,1,1,7,3,0,4,4,0,3,1,5,0,5,1,1,1,20948
2490,202490,35,0,3,30,3,1,4,4,1,3,3,2,0,5,1,2,2,23246
31,200031,44,1,1,16,2,1,2,3,1,3,0,3,1,3,1,1,2,21465
2977,202977,41,0,3,12,2,1,3,5,3,5,0,7,1,5,0,2,3,29153
4632,204632,46,0,1,30,2,1,3,4,1,5,1,3,1,1,1,1,2,22311
4404,204404,39,1,1,7,2,0,3,4,0,5,3,5,0,1,0,2,1,21297
216,200216,30,0,3,32,3,0,2,4,1,5,3,6,0,2,0,1,2,21696
2700,202700,43,1,1,9,3,0,3,5,0,5,1,2,1,4,1,1,1,21271
3837,203837,28,1,3,16,3,1,3,4,1,3,3,3,0,1,0,2,2,22783
411,200411,60,1,1,13,2,0,2,3,2,5,0,6,0,5,0,0,4,34566
2883,202883,32,0,1,27,2,1,4,4,3,3,0,5,0,3,1,1,3,28502
537,200537,27,0,1,16,2,1,2,3,3,5,1,2,0,3,1,0,3,23793
4454,204454,29,1,1,7,2,0,4,6,0,4,2,2,1,1,1,3,1,20894
2650,202650,23,1,1,12,2,1,3,3,0,4,1,3,1,4,0,1,1,21006
3407,203407,39,1,3,9,2,0,3,4,1,5,1,5,0,4,0,2,2,25571
